<?xml version="1.0" encoding="UTF-8"?>
<!DOCTYPE configuration>
<configuration scan="true">
    <appender name="consoleAppender" class="ch.qos.logback.core.ConsoleAppender">
        <encoder>
            <charset>UTF-8</charset>
            <Pattern>%d %-4relative [%thread] %-5level %logger{35} - %msg%n</Pattern>
        </encoder>
    </appender>

    <logger name="com.melbourneit.web.service.pgw.service" level="DEBUG"/>

    <root level="INFO">
        <appender-ref ref="consoleAppender" />
    </root>


</configuration>