<?xml version="1.0" encoding="UTF-8"?>
<configuration>
    <appender name="CONSOLE" class="ch.qos.logback.core.ConsoleAppender">
        <encoder>
            <pattern>%d{yyyy-MM-dd HH:mm:ss} %-5p %c{1}:%L - %m%n</pattern>
        </encoder>
    </appender>
    <appender name="FILE" class="ch.qos.logback.core.FileAppender">
        <file>src/main/resources/AppLog/FreshChat.log</file>
        <append>true</append>
        <encoder>
            <pattern>%d{yyyy-MM-dd HH:mm:ss} %-5p %c{1}:%L - %m%n</pattern>
        </encoder>
    </appender>
    <root level="INFO">
        <appender-ref ref="CONSOLE"/>
        <appender-ref ref="FILE"/>
    </root>
</configuration>
